dept_id,dept_name,location,date,head_id
1,Finance,South Brittanytown,2018-03-27,64912.0
2,Human Resources,Lake Roymouth,2019-09-14,26632.0
3,Information Technology,North Jorge,2017-10-16,60145.0
4,Marketing,Jasonmouth,2023-09-13,3304.0
5,Sales,Kathleenfurt,2017-08-03,125600.0
6,Operations,Karenchester,2025-03-28,110515.0
7,Customer Service,Maryfort,2019-05-09,16442.0
8,Legal,Lake Amberstad,2023-07-22,62449.0
9,Procurement,Lake Casey,2020-01-02,
10,Engineering,Port Anthonybury,2021-12-02,76938.0
11,Data & Analytics,Port Andrew,2018-07-01,66974.0
