job_id,job_title,job_desc,dept_id,job_level,hourly_rate
1,Accountant,Prepares and examines financial records.,1,Director,10
2,Financial Analyst,Analyzes financial data to support business decisions.,1,Mid,67
3,Auditor,Reviews financial statements and ensures compliance.,1,Senior,10
4,Payroll Specialist,Manages employee compensation and payroll processing.,1,Manager,43
5,HR Specialist,Handles employee relations and HR operations.,2,Intern,57
6,Recruiter,Sources and hires qualified candidates.,2,Manager,98
7,Training Manager,Plans and delivers employee training programs.,2,Senior,10
8,Software Engineer,Designs and develops software applications.,3,Senior,25
9,Data Analyst,Analyzes datasets to provide insights.,3,Senior,70
10,System Administrator,Maintains servers and IT infrastructure.,3,Manager,73
11,Network Engineer,Manages and optimizes network systems.,3,Senior,72
12,Marketing Coordinator,Supports marketing campaigns and activities.,4,Director,78
13,SEO Specialist,Optimizes content for search engine rankings.,4,Manager,31
14,Content Strategist,Plans and manages content creation.,4,Senior,76
15,Brand Manager,Oversees brand identity and market positioning.,4,Director,85
16,Sales Representative,Drives sales and builds client relationships.,5,Mid,35
17,Account Manager,Manages key client accounts.,5,Senior,25
18,Sales Executive,Leads sales initiatives and negotiates deals.,5,Manager,60
19,Operations Manager,Oversees day-to-day business operations.,6,Junior,95
20,Logistics Coordinator,Manages shipping and delivery processes.,6,Senior,66
21,Supply Chain Analyst,Analyzes supply chain data for efficiency.,6,Junior,38
22,Customer Support Specialist,Provides assistance to customers.,7,Director,87
23,Call Center Agent,Handles customer inquiries over phone.,7,Mid,78
24,Service Manager,Supervises service quality and support teams.,7,Intern,56
25,Legal Advisor,Provides legal counsel and guidance.,8,Mid,71
26,Compliance Officer,Ensures adherence to laws and regulations.,8,Senior,78
27,Procurement Specialist,Manages purchasing of goods and services.,9,Junior,85
28,Purchasing Manager,Oversees procurement strategy and vendors.,9,Junior,25
29,Mechanical Engineer,Designs and develops mechanical systems.,10,Manager,99
30,Civil Engineer,Plans and oversees construction projects.,10,Junior,99
31,Electrical Engineer,Designs and maintains electrical systems.,10,Manager,57
32,Data Analyst,Analyzes and interprets business data.,11,Director,94
33,BI Developer,Builds and maintains business intelligence solutions.,11,Intern,48
34,Data Engineer,Designs and manages data pipelines.,11,Senior,42
