project_id,project_name,project_theme,project_desc,budget,start_date,end_date
1,CRM System Upgrade,CRM System,Implement customer relationship management system.,171958,2025-01-06,2026-01-06
2,E-Learning Rollout,E-Learning,Launch online learning management system.,196867,2023-05-19,2024-05-19
3,Logistics Initiative,Logistics,Optimize supply chain and logistics operations.,181932,2023-10-21,2025-10-21
4,Mobile App Phase 1,Mobile App,Build mobile application for employee access.,415838,2024-12-02,2026-12-02
5,CRM System Upgrade,CRM System,Implement customer relationship management system.,309178,2025-04-04,2027-04-04
6,Cybersecurity Project,Cybersecurity,Strengthen IT infrastructure security and monitoring.,169879,2024-06-23,2025-06-23
7,Cybersecurity Initiative,Cybersecurity,Strengthen IT infrastructure security and monitoring.,160268,2023-07-31,2025-07-31
8,Employee Portal Initiative,Employee Portal,Build a self-service portal for employees.,257892,2024-12-20,2026-12-20
9,Office Relocation Project,Office Relocation,Manage logistics for relocating company offices.,104886,2025-08-11,2026-08-11
10,Office Relocation Initiative,Office Relocation,Manage logistics for relocating company offices.,187337,2023-07-14,2024-07-14
11,CRM System Phase 1,CRM System,Implement customer relationship management system.,480410,2024-01-02,2026-01-02
12,ERP Upgrade Initiative,ERP Upgrade,Upgrade enterprise resource planning system.,137498,2024-05-16,2025-05-16
13,Office Relocation Project,Office Relocation,Manage logistics for relocating company offices.,424871,2025-07-14,2026-07-14
14,Training Implementation,Training,Create an online training and certification platform.,438468,2025-06-10,2026-06-10
15,CRM System Initiative,CRM System,Implement customer relationship management system.,225203,2024-04-07,2026-04-07
16,ERP Upgrade Initiative,ERP Upgrade,Upgrade enterprise resource planning system.,241335,2024-07-16,2026-07-16
17,Data Warehouse Project,Data Warehouse,Develop enterprise data warehouse for analytics.,328167,2024-11-17,2026-11-17
18,Customer Service Phase 1,Customer Service,Enhance digital customer service solutions.,91090,2024-08-06,2026-08-06
19,ERP Upgrade Project,ERP Upgrade,Upgrade enterprise resource planning system.,379365,2023-03-11,2025-03-11
20,HR System Phase 1,HR System,Develop and implement a new HR management system.,114820,2023-09-25,2025-09-25
21,Office Relocation Implementation,Office Relocation,Manage logistics for relocating company offices.,312913,2023-08-20,2024-08-20
22,CRM System Rollout,CRM System,Implement customer relationship management system.,371879,2022-12-13,2023-12-13
23,Customer Service Project,Customer Service,Enhance digital customer service solutions.,244027,2024-02-12,2025-02-12
24,Cybersecurity Phase 2,Cybersecurity,Strengthen IT infrastructure security and monitoring.,377069,2022-10-07,2024-10-07
25,AI Analytics Phase 2,AI Analytics,Leverage AI for predictive analytics and insights.,302709,2025-03-06,2027-03-06
26,Mobile App Project,Mobile App,Build mobile application for employee access.,249041,2025-01-12,2026-01-12
27,Sustainability Rollout,Sustainability,Develop green and sustainable business initiatives.,317455,2023-08-28,2025-08-28
28,Data Warehouse Initiative,Data Warehouse,Develop enterprise data warehouse for analytics.,153355,2025-03-07,2027-03-07
29,Recruitment Phase 1,Recruitment,Launch digital recruitment and candidate tracking.,285796,2023-08-13,2025-08-13
30,E-Learning Initiative,E-Learning,Launch online learning management system.,264176,2022-09-16,2024-09-16
31,Finance Automation Phase 1,Finance Automation,Automate financial reporting and compliance.,234779,2022-12-24,2024-12-24
32,Recruitment Rollout,Recruitment,Launch digital recruitment and candidate tracking.,397449,2025-05-12,2026-05-12
33,Performance Dashboard Initiative,Performance Dashboard,Implement BI dashboards for management insights.,471909,2022-12-05,2024-12-05
34,Office Relocation Implementation,Office Relocation,Manage logistics for relocating company offices.,308795,2023-08-26,2025-08-26
35,Mobile App Implementation,Mobile App,Build mobile application for employee access.,442752,2022-12-18,2024-12-18
36,HR System Upgrade,HR System,Develop and implement a new HR management system.,206730,2022-10-23,2024-10-23
37,Performance Dashboard Phase 2,Performance Dashboard,Implement BI dashboards for management insights.,396622,2024-01-31,2026-01-31
38,Finance Automation Rollout,Finance Automation,Automate financial reporting and compliance.,434681,2022-12-24,2023-12-24
39,Recruitment Phase 2,Recruitment,Launch digital recruitment and candidate tracking.,199503,2024-11-11,2026-11-11
40,CRM System Initiative,CRM System,Implement customer relationship management system.,180523,2023-09-09,2024-09-09
41,Customer Service Implementation,Customer Service,Enhance digital customer service solutions.,52747,2023-11-11,2024-11-11
42,ERP Upgrade Phase 2,ERP Upgrade,Upgrade enterprise resource planning system.,173855,2025-07-10,2026-07-10
43,ERP Upgrade Implementation,ERP Upgrade,Upgrade enterprise resource planning system.,115725,2024-09-28,2025-09-28
44,Training Initiative,Training,Create an online training and certification platform.,179981,2023-08-03,2025-08-03
45,HR System Rollout,HR System,Develop and implement a new HR management system.,134654,2024-12-20,2025-12-20
46,Employee Portal Rollout,Employee Portal,Build a self-service portal for employees.,478989,2023-03-29,2025-03-29
47,CRM System Implementation,CRM System,Implement customer relationship management system.,431490,2025-02-08,2026-02-08
48,Data Warehouse Rollout,Data Warehouse,Develop enterprise data warehouse for analytics.,117435,2025-02-16,2026-02-16
49,E-Learning Phase 2,E-Learning,Launch online learning management system.,369030,2024-09-08,2026-09-08
50,Payroll Project,Payroll,Automate salary processing and compliance checks.,378947,2023-09-17,2024-09-17
51,Performance Dashboard Rollout,Performance Dashboard,Implement BI dashboards for management insights.,81551,2024-09-08,2026-09-08
52,Employee Portal Phase 2,Employee Portal,Build a self-service portal for employees.,428360,2024-05-29,2026-05-29
53,Training Rollout,Training,Create an online training and certification platform.,323538,2023-06-27,2025-06-27
54,AI Analytics Initiative,AI Analytics,Leverage AI for predictive analytics and insights.,381236,2023-01-29,2024-01-29
55,E-Learning Project,E-Learning,Launch online learning management system.,53890,2023-02-02,2025-02-02
56,Finance Automation Phase 1,Finance Automation,Automate financial reporting and compliance.,91606,2025-06-24,2027-06-24
57,AI Analytics Project,AI Analytics,Leverage AI for predictive analytics and insights.,306840,2024-07-05,2026-07-05
58,E-Learning Phase 2,E-Learning,Launch online learning management system.,399457,2024-03-08,2025-03-08
59,Logistics Phase 2,Logistics,Optimize supply chain and logistics operations.,191699,2024-06-24,2025-06-24
60,Data Warehouse Initiative,Data Warehouse,Develop enterprise data warehouse for analytics.,320936,2024-06-04,2025-06-04
61,Sustainability Phase 2,Sustainability,Develop green and sustainable business initiatives.,289931,2024-08-30,2026-08-30
62,Wellness Program Rollout,Wellness Program,Launch wellness and mental health support program.,289629,2022-11-28,2023-11-28
63,Performance Dashboard Rollout,Performance Dashboard,Implement BI dashboards for management insights.,255041,2025-07-17,2026-07-17
64,Wellness Program Rollout,Wellness Program,Launch wellness and mental health support program.,224073,2025-06-16,2027-06-16
65,E-Learning Phase 2,E-Learning,Launch online learning management system.,257624,2025-06-04,2027-06-04
66,Performance Dashboard Phase 1,Performance Dashboard,Implement BI dashboards for management insights.,467113,2023-02-04,2024-02-04
67,AI Analytics Upgrade,AI Analytics,Leverage AI for predictive analytics and insights.,118148,2022-12-08,2024-12-08
68,Office Relocation Implementation,Office Relocation,Manage logistics for relocating company offices.,302801,2024-05-22,2025-05-22
69,Wellness Program Phase 1,Wellness Program,Launch wellness and mental health support program.,174243,2024-02-14,2026-02-14
70,Cybersecurity Project,Cybersecurity,Strengthen IT infrastructure security and monitoring.,301995,2023-02-21,2024-02-21
71,Recruitment Implementation,Recruitment,Launch digital recruitment and candidate tracking.,432318,2023-09-26,2025-09-26
72,Training Implementation,Training,Create an online training and certification platform.,204555,2023-06-29,2024-06-29
73,ERP Upgrade Initiative,ERP Upgrade,Upgrade enterprise resource planning system.,436502,2023-06-27,2024-06-27
74,Training Initiative,Training,Create an online training and certification platform.,98555,2024-12-16,2026-12-16
75,Mobile App Upgrade,Mobile App,Build mobile application for employee access.,306508,2024-08-01,2026-08-01
76,CRM System Phase 2,CRM System,Implement customer relationship management system.,329303,2023-04-10,2025-04-10
77,Cybersecurity Project,Cybersecurity,Strengthen IT infrastructure security and monitoring.,422654,2024-06-21,2026-06-21
78,AI Analytics Phase 2,AI Analytics,Leverage AI for predictive analytics and insights.,156530,2023-06-17,2024-06-17
79,Payroll Implementation,Payroll,Automate salary processing and compliance checks.,130077,2023-11-11,2024-11-11
80,CRM System Phase 2,CRM System,Implement customer relationship management system.,348064,2024-08-23,2025-08-23
81,Customer Service Initiative,Customer Service,Enhance digital customer service solutions.,250551,2023-09-28,2025-09-28
82,HR System Rollout,HR System,Develop and implement a new HR management system.,331601,2022-12-31,2023-12-31
83,Customer Service Phase 2,Customer Service,Enhance digital customer service solutions.,258261,2024-07-24,2025-07-24
84,Sustainability Upgrade,Sustainability,Develop green and sustainable business initiatives.,290181,2025-01-06,2026-01-06
85,Cloud Migration Phase 1,Cloud Migration,Migrate legacy systems to the cloud.,391097,2023-02-04,2024-02-04
86,ERP Upgrade Rollout,ERP Upgrade,Upgrade enterprise resource planning system.,365139,2022-11-22,2023-11-22
87,CRM System Project,CRM System,Implement customer relationship management system.,221829,2025-06-14,2027-06-14
88,Logistics Rollout,Logistics,Optimize supply chain and logistics operations.,321836,2024-12-22,2026-12-22
89,Finance Automation Implementation,Finance Automation,Automate financial reporting and compliance.,488974,2022-09-27,2024-09-27
90,Sustainability Implementation,Sustainability,Develop green and sustainable business initiatives.,252283,2023-01-27,2025-01-27
91,Wellness Program Phase 2,Wellness Program,Launch wellness and mental health support program.,246769,2023-09-07,2024-09-07
92,Sustainability Upgrade,Sustainability,Develop green and sustainable business initiatives.,87065,2023-05-21,2025-05-21
93,ERP Upgrade Phase 1,ERP Upgrade,Upgrade enterprise resource planning system.,273165,2024-05-28,2026-05-28
94,ERP Upgrade Initiative,ERP Upgrade,Upgrade enterprise resource planning system.,149299,2024-09-28,2026-09-28
95,Data Warehouse Rollout,Data Warehouse,Develop enterprise data warehouse for analytics.,475822,2024-09-21,2025-09-21
96,AI Analytics Implementation,AI Analytics,Leverage AI for predictive analytics and insights.,61534,2023-08-03,2024-08-03
97,Finance Automation Project,Finance Automation,Automate financial reporting and compliance.,90397,2024-05-19,2025-05-19
98,HR System Phase 2,HR System,Develop and implement a new HR management system.,307750,2022-12-05,2023-12-05
99,Customer Service Project,Customer Service,Enhance digital customer service solutions.,403531,2023-05-18,2024-05-18
100,HR System Upgrade,HR System,Develop and implement a new HR management system.,313160,2024-04-15,2025-04-15
101,CRM System Implementation,CRM System,Implement customer relationship management system.,105591,2022-09-08,2024-09-08
102,AI Analytics Implementation,AI Analytics,Leverage AI for predictive analytics and insights.,270884,2024-05-03,2026-05-03
103,Payroll Phase 1,Payroll,Automate salary processing and compliance checks.,73247,2023-10-21,2025-10-21
104,ERP Upgrade Phase 1,ERP Upgrade,Upgrade enterprise resource planning system.,74300,2024-08-11,2026-08-11
105,Mobile App Phase 2,Mobile App,Build mobile application for employee access.,132798,2023-11-22,2025-11-22
106,Cybersecurity Phase 1,Cybersecurity,Strengthen IT infrastructure security and monitoring.,59268,2024-06-23,2026-06-23
107,ERP Upgrade Phase 1,ERP Upgrade,Upgrade enterprise resource planning system.,398951,2025-08-22,2027-08-22
108,CRM System Phase 1,CRM System,Implement customer relationship management system.,324329,2025-01-15,2026-01-15
109,Recruitment Phase 2,Recruitment,Launch digital recruitment and candidate tracking.,244776,2025-06-29,2026-06-29
110,HR System Initiative,HR System,Develop and implement a new HR management system.,267851,2024-09-30,2026-09-30
111,Logistics Upgrade,Logistics,Optimize supply chain and logistics operations.,482315,2023-05-03,2025-05-03
112,Cloud Migration Implementation,Cloud Migration,Migrate legacy systems to the cloud.,451787,2023-06-26,2024-06-26
113,Recruitment Rollout,Recruitment,Launch digital recruitment and candidate tracking.,286584,2023-12-09,2025-12-09
114,Payroll Rollout,Payroll,Automate salary processing and compliance checks.,88044,2023-08-09,2025-08-09
115,HR System Implementation,HR System,Develop and implement a new HR management system.,363358,2022-12-04,2024-12-04
116,Mobile App Rollout,Mobile App,Build mobile application for employee access.,426896,2025-02-20,2026-02-20
117,HR System Project,HR System,Develop and implement a new HR management system.,98984,2024-12-25,2025-12-25
118,Training Implementation,Training,Create an online training and certification platform.,352918,2022-12-08,2024-12-08
119,Training Phase 2,Training,Create an online training and certification platform.,314712,2024-01-05,2025-01-05
120,Employee Portal Project,Employee Portal,Build a self-service portal for employees.,170151,2022-12-02,2023-12-02
121,Mobile App Phase 2,Mobile App,Build mobile application for employee access.,183767,2022-11-21,2023-11-21
122,Wellness Program Rollout,Wellness Program,Launch wellness and mental health support program.,174375,2025-02-28,2027-02-28
123,Cloud Migration Implementation,Cloud Migration,Migrate legacy systems to the cloud.,229262,2024-09-14,2025-09-14
124,Finance Automation Project,Finance Automation,Automate financial reporting and compliance.,186330,2024-10-25,2025-10-25
125,Employee Portal Rollout,Employee Portal,Build a self-service portal for employees.,351648,2024-12-08,2026-12-08
126,Data Warehouse Phase 1,Data Warehouse,Develop enterprise data warehouse for analytics.,214231,2023-05-07,2025-05-07
127,Employee Portal Project,Employee Portal,Build a self-service portal for employees.,63986,2022-12-02,2024-12-02
128,HR System Phase 1,HR System,Develop and implement a new HR management system.,111858,2024-11-01,2025-11-01
129,Customer Service Initiative,Customer Service,Enhance digital customer service solutions.,179312,2023-01-07,2024-01-07
130,ERP Upgrade Phase 2,ERP Upgrade,Upgrade enterprise resource planning system.,62666,2023-06-20,2025-06-20
131,Mobile App Upgrade,Mobile App,Build mobile application for employee access.,350804,2022-12-20,2024-12-20
132,Customer Service Initiative,Customer Service,Enhance digital customer service solutions.,184633,2025-03-17,2026-03-17
133,Performance Dashboard Upgrade,Performance Dashboard,Implement BI dashboards for management insights.,338998,2022-12-19,2023-12-19
134,Office Relocation Rollout,Office Relocation,Manage logistics for relocating company offices.,376649,2025-07-19,2027-07-19
135,Finance Automation Rollout,Finance Automation,Automate financial reporting and compliance.,154488,2023-09-05,2024-09-05
136,Employee Portal Rollout,Employee Portal,Build a self-service portal for employees.,233323,2024-05-24,2026-05-24
137,Customer Service Rollout,Customer Service,Enhance digital customer service solutions.,334806,2023-03-10,2024-03-10
138,Payroll Phase 1,Payroll,Automate salary processing and compliance checks.,320536,2025-02-05,2027-02-05
139,Logistics Phase 2,Logistics,Optimize supply chain and logistics operations.,80535,2023-09-22,2024-09-22
140,Cloud Migration Upgrade,Cloud Migration,Migrate legacy systems to the cloud.,425713,2025-02-20,2027-02-20
141,E-Learning Initiative,E-Learning,Launch online learning management system.,364400,2025-03-16,2026-03-16
142,Cybersecurity Upgrade,Cybersecurity,Strengthen IT infrastructure security and monitoring.,401279,2022-11-05,2024-11-05
143,CRM System Rollout,CRM System,Implement customer relationship management system.,439622,2025-04-24,2026-04-24
144,Sustainability Upgrade,Sustainability,Develop green and sustainable business initiatives.,347366,2023-01-10,2025-01-10
145,CRM System Phase 1,CRM System,Implement customer relationship management system.,127373,2024-06-17,2026-06-17
146,AI Analytics Initiative,AI Analytics,Leverage AI for predictive analytics and insights.,173684,2025-06-22,2027-06-22
147,Training Phase 2,Training,Create an online training and certification platform.,323109,2025-02-27,2027-02-27
148,Data Warehouse Initiative,Data Warehouse,Develop enterprise data warehouse for analytics.,74538,2025-01-30,2027-01-30
149,E-Learning Initiative,E-Learning,Launch online learning management system.,420210,2024-11-25,2025-11-25
150,Wellness Program Project,Wellness Program,Launch wellness and mental health support program.,251664,2024-01-09,2026-01-09
151,Logistics Rollout,Logistics,Optimize supply chain and logistics operations.,425396,2023-10-15,2024-10-15
152,Sustainability Phase 2,Sustainability,Develop green and sustainable business initiatives.,189182,2023-07-19,2025-07-19
153,CRM System Rollout,CRM System,Implement customer relationship management system.,208338,2025-07-11,2026-07-11
154,Customer Service Phase 1,Customer Service,Enhance digital customer service solutions.,234064,2024-01-06,2026-01-06
155,Cybersecurity Rollout,Cybersecurity,Strengthen IT infrastructure security and monitoring.,264020,2023-09-10,2025-09-10
156,Performance Dashboard Rollout,Performance Dashboard,Implement BI dashboards for management insights.,148806,2023-10-22,2024-10-22
157,Recruitment Phase 1,Recruitment,Launch digital recruitment and candidate tracking.,450126,2024-05-11,2026-05-11
158,AI Analytics Implementation,AI Analytics,Leverage AI for predictive analytics and insights.,423133,2023-03-27,2024-03-27
159,AI Analytics Project,AI Analytics,Leverage AI for predictive analytics and insights.,140982,2025-07-14,2026-07-14
160,Finance Automation Initiative,Finance Automation,Automate financial reporting and compliance.,171626,2025-06-03,2027-06-03
161,ERP Upgrade Phase 1,ERP Upgrade,Upgrade enterprise resource planning system.,169176,2023-12-15,2025-12-15
162,HR System Phase 2,HR System,Develop and implement a new HR management system.,443422,2024-08-15,2025-08-15
163,Cybersecurity Implementation,Cybersecurity,Strengthen IT infrastructure security and monitoring.,268126,2024-01-09,2026-01-09
164,Sustainability Implementation,Sustainability,Develop green and sustainable business initiatives.,268969,2022-12-26,2024-12-26
165,Cloud Migration Rollout,Cloud Migration,Migrate legacy systems to the cloud.,172409,2022-09-19,2024-09-19
166,Wellness Program Phase 1,Wellness Program,Launch wellness and mental health support program.,73419,2024-08-16,2025-08-16
167,Wellness Program Project,Wellness Program,Launch wellness and mental health support program.,493852,2025-04-26,2027-04-26
168,Wellness Program Project,Wellness Program,Launch wellness and mental health support program.,303618,2025-01-26,2026-01-26
169,HR System Project,HR System,Develop and implement a new HR management system.,295310,2023-02-07,2024-02-07
170,Mobile App Upgrade,Mobile App,Build mobile application for employee access.,100015,2022-12-27,2023-12-27
171,Performance Dashboard Initiative,Performance Dashboard,Implement BI dashboards for management insights.,298550,2024-12-18,2025-12-18
172,CRM System Phase 2,CRM System,Implement customer relationship management system.,172096,2023-08-02,2025-08-02
173,Logistics Rollout,Logistics,Optimize supply chain and logistics operations.,157059,2024-10-29,2026-10-29
174,Performance Dashboard Initiative,Performance Dashboard,Implement BI dashboards for management insights.,235340,2023-10-21,2024-10-21
175,Sustainability Initiative,Sustainability,Develop green and sustainable business initiatives.,160687,2023-03-29,2024-03-29
176,Sustainability Phase 2,Sustainability,Develop green and sustainable business initiatives.,400083,2024-02-29,2025-02-28
177,HR System Upgrade,HR System,Develop and implement a new HR management system.,461357,2022-12-20,2023-12-20
178,Office Relocation Implementation,Office Relocation,Manage logistics for relocating company offices.,261428,2023-09-19,2025-09-19
179,ERP Upgrade Initiative,ERP Upgrade,Upgrade enterprise resource planning system.,155878,2024-04-01,2025-04-01
180,Performance Dashboard Phase 1,Performance Dashboard,Implement BI dashboards for management insights.,252982,2023-11-21,2024-11-21
181,Customer Service Phase 1,Customer Service,Enhance digital customer service solutions.,499260,2023-05-08,2024-05-08
182,Sustainability Project,Sustainability,Develop green and sustainable business initiatives.,248286,2024-07-16,2025-07-16
183,E-Learning Phase 1,E-Learning,Launch online learning management system.,299002,2024-12-26,2025-12-26
184,CRM System Initiative,CRM System,Implement customer relationship management system.,300396,2025-09-01,2027-09-01
185,Logistics Phase 1,Logistics,Optimize supply chain and logistics operations.,214899,2023-12-18,2025-12-18
186,Cloud Migration Initiative,Cloud Migration,Migrate legacy systems to the cloud.,499036,2025-04-12,2027-04-12
187,AI Analytics Phase 1,AI Analytics,Leverage AI for predictive analytics and insights.,374767,2025-06-16,2027-06-16
188,Office Relocation Phase 1,Office Relocation,Manage logistics for relocating company offices.,387594,2024-12-04,2026-12-04
189,Performance Dashboard Upgrade,Performance Dashboard,Implement BI dashboards for management insights.,405570,2022-09-17,2023-09-17
190,Mobile App Phase 1,Mobile App,Build mobile application for employee access.,429989,2025-07-08,2027-07-08
191,Employee Portal Initiative,Employee Portal,Build a self-service portal for employees.,465515,2025-01-13,2026-01-13
192,Logistics Rollout,Logistics,Optimize supply chain and logistics operations.,93585,2023-12-14,2025-12-14
193,Data Warehouse Implementation,Data Warehouse,Develop enterprise data warehouse for analytics.,421369,2025-07-01,2027-07-01
194,Mobile App Initiative,Mobile App,Build mobile application for employee access.,114044,2023-02-12,2025-02-12
195,Sustainability Phase 1,Sustainability,Develop green and sustainable business initiatives.,485773,2023-04-01,2025-04-01
196,Customer Service Rollout,Customer Service,Enhance digital customer service solutions.,492296,2023-10-20,2024-10-20
197,E-Learning Project,E-Learning,Launch online learning management system.,159556,2023-03-03,2025-03-03
198,Office Relocation Upgrade,Office Relocation,Manage logistics for relocating company offices.,52693,2023-02-18,2024-02-18
199,Mobile App Phase 1,Mobile App,Build mobile application for employee access.,407403,2025-01-11,2027-01-11
200,Performance Dashboard Phase 1,Performance Dashboard,Implement BI dashboards for management insights.,293307,2023-05-04,2025-05-04
201,Data Warehouse Phase 1,Data Warehouse,Develop enterprise data warehouse for analytics.,250235,2023-11-02,2025-11-02
202,HR System Initiative,HR System,Develop and implement a new HR management system.,75939,2023-11-16,2024-11-16
203,Logistics Implementation,Logistics,Optimize supply chain and logistics operations.,492141,2025-04-01,2026-04-01
204,Wellness Program Upgrade,Wellness Program,Launch wellness and mental health support program.,486157,2023-07-29,2025-07-29
205,Payroll Project,Payroll,Automate salary processing and compliance checks.,202906,2024-02-19,2026-02-19
206,Office Relocation Initiative,Office Relocation,Manage logistics for relocating company offices.,68047,2023-07-18,2024-07-18
207,Training Initiative,Training,Create an online training and certification platform.,338249,2025-08-07,2026-08-07
208,Sustainability Upgrade,Sustainability,Develop green and sustainable business initiatives.,125766,2025-05-17,2027-05-17
209,HR System Project,HR System,Develop and implement a new HR management system.,458923,2023-10-20,2025-10-20
210,Office Relocation Phase 2,Office Relocation,Manage logistics for relocating company offices.,465192,2024-10-29,2025-10-29
211,Sustainability Phase 2,Sustainability,Develop green and sustainable business initiatives.,94262,2024-10-02,2026-10-02
212,Cybersecurity Implementation,Cybersecurity,Strengthen IT infrastructure security and monitoring.,437261,2023-09-30,2024-09-30
213,Payroll Phase 1,Payroll,Automate salary processing and compliance checks.,335920,2022-11-22,2024-11-22
214,Sustainability Upgrade,Sustainability,Develop green and sustainable business initiatives.,211152,2023-01-26,2025-01-26
215,Recruitment Phase 2,Recruitment,Launch digital recruitment and candidate tracking.,178376,2025-05-17,2026-05-17
216,Sustainability Upgrade,Sustainability,Develop green and sustainable business initiatives.,187848,2024-06-24,2025-06-24
217,Customer Service Initiative,Customer Service,Enhance digital customer service solutions.,142787,2023-11-08,2025-11-08
218,Payroll Implementation,Payroll,Automate salary processing and compliance checks.,177948,2022-11-12,2023-11-12
219,Training Rollout,Training,Create an online training and certification platform.,105016,2022-09-10,2024-09-10
220,Customer Service Phase 1,Customer Service,Enhance digital customer service solutions.,452690,2024-02-05,2025-02-05
221,Recruitment Implementation,Recruitment,Launch digital recruitment and candidate tracking.,71959,2023-03-27,2024-03-27
222,Employee Portal Project,Employee Portal,Build a self-service portal for employees.,186602,2025-05-21,2026-05-21
223,CRM System Project,CRM System,Implement customer relationship management system.,275928,2023-10-16,2024-10-16
224,Finance Automation Rollout,Finance Automation,Automate financial reporting and compliance.,431245,2023-05-14,2025-05-14
225,Finance Automation Implementation,Finance Automation,Automate financial reporting and compliance.,315892,2024-07-22,2026-07-22
226,E-Learning Phase 2,E-Learning,Launch online learning management system.,278576,2025-01-09,2026-01-09
227,AI Analytics Phase 2,AI Analytics,Leverage AI for predictive analytics and insights.,63545,2024-06-30,2026-06-30
228,Office Relocation Rollout,Office Relocation,Manage logistics for relocating company offices.,439803,2025-01-23,2027-01-23
229,Customer Service Phase 2,Customer Service,Enhance digital customer service solutions.,215838,2022-09-20,2024-09-20
230,Office Relocation Project,Office Relocation,Manage logistics for relocating company offices.,385674,2023-02-25,2025-02-25
231,Finance Automation Upgrade,Finance Automation,Automate financial reporting and compliance.,405701,2022-12-30,2024-12-30
232,Finance Automation Initiative,Finance Automation,Automate financial reporting and compliance.,111087,2025-08-13,2027-08-13
233,Employee Portal Rollout,Employee Portal,Build a self-service portal for employees.,118840,2023-04-24,2024-04-24
234,Mobile App Initiative,Mobile App,Build mobile application for employee access.,168451,2024-12-30,2026-12-30
235,Mobile App Phase 1,Mobile App,Build mobile application for employee access.,497600,2022-10-30,2023-10-30
236,Recruitment Implementation,Recruitment,Launch digital recruitment and candidate tracking.,363149,2024-03-31,2026-03-31
237,Performance Dashboard Implementation,Performance Dashboard,Implement BI dashboards for management insights.,489792,2025-02-25,2026-02-25
238,Logistics Upgrade,Logistics,Optimize supply chain and logistics operations.,89353,2025-01-10,2027-01-10
239,Data Warehouse Upgrade,Data Warehouse,Develop enterprise data warehouse for analytics.,243075,2023-04-23,2025-04-23
240,CRM System Phase 2,CRM System,Implement customer relationship management system.,264283,2024-07-03,2026-07-03
241,Finance Automation Phase 2,Finance Automation,Automate financial reporting and compliance.,364877,2023-03-21,2024-03-21
242,Office Relocation Upgrade,Office Relocation,Manage logistics for relocating company offices.,115318,2022-11-08,2024-11-08
243,Performance Dashboard Phase 1,Performance Dashboard,Implement BI dashboards for management insights.,291025,2023-12-27,2024-12-27
244,Office Relocation Initiative,Office Relocation,Manage logistics for relocating company offices.,466880,2024-03-24,2025-03-24
245,AI Analytics Upgrade,AI Analytics,Leverage AI for predictive analytics and insights.,117172,2022-11-05,2024-11-05
246,Performance Dashboard Phase 1,Performance Dashboard,Implement BI dashboards for management insights.,266688,2024-03-13,2026-03-13
247,Customer Service Initiative,Customer Service,Enhance digital customer service solutions.,306951,2023-07-28,2025-07-28
248,Mobile App Phase 2,Mobile App,Build mobile application for employee access.,143264,2025-07-30,2026-07-30
249,Employee Portal Project,Employee Portal,Build a self-service portal for employees.,296458,2023-09-27,2024-09-27
250,Performance Dashboard Initiative,Performance Dashboard,Implement BI dashboards for management insights.,338880,2025-07-07,2027-07-07
251,Training Phase 1,Training,Create an online training and certification platform.,275281,2023-02-11,2025-02-11
252,Training Upgrade,Training,Create an online training and certification platform.,162859,2024-03-07,2026-03-07
253,Payroll Implementation,Payroll,Automate salary processing and compliance checks.,424325,2025-01-21,2026-01-21
254,Office Relocation Project,Office Relocation,Manage logistics for relocating company offices.,444070,2024-05-28,2025-05-28
255,Customer Service Phase 1,Customer Service,Enhance digital customer service solutions.,402228,2025-04-26,2027-04-26
256,AI Analytics Upgrade,AI Analytics,Leverage AI for predictive analytics and insights.,481839,2023-05-03,2025-05-03
257,AI Analytics Initiative,AI Analytics,Leverage AI for predictive analytics and insights.,319536,2023-09-07,2024-09-07
258,Office Relocation Initiative,Office Relocation,Manage logistics for relocating company offices.,367824,2023-05-15,2025-05-15
259,ERP Upgrade Phase 1,ERP Upgrade,Upgrade enterprise resource planning system.,307426,2023-06-07,2025-06-07
260,E-Learning Project,E-Learning,Launch online learning management system.,227789,2024-06-06,2025-06-06
261,Sustainability Phase 2,Sustainability,Develop green and sustainable business initiatives.,268164,2022-10-13,2023-10-13
262,Recruitment Project,Recruitment,Launch digital recruitment and candidate tracking.,363003,2023-06-10,2025-06-10
263,Payroll Phase 2,Payroll,Automate salary processing and compliance checks.,175657,2024-02-03,2026-02-03
264,Cybersecurity Project,Cybersecurity,Strengthen IT infrastructure security and monitoring.,285167,2024-06-05,2025-06-05
265,Wellness Program Upgrade,Wellness Program,Launch wellness and mental health support program.,207381,2025-07-11,2026-07-11
266,Recruitment Implementation,Recruitment,Launch digital recruitment and candidate tracking.,244806,2023-09-25,2024-09-25
267,Customer Service Project,Customer Service,Enhance digital customer service solutions.,120467,2023-10-24,2024-10-24
268,HR System Rollout,HR System,Develop and implement a new HR management system.,233734,2023-05-10,2024-05-10
269,Wellness Program Project,Wellness Program,Launch wellness and mental health support program.,148506,2025-08-29,2027-08-29
270,Payroll Rollout,Payroll,Automate salary processing and compliance checks.,159751,2023-02-19,2024-02-19
271,Data Warehouse Phase 2,Data Warehouse,Develop enterprise data warehouse for analytics.,431050,2024-04-21,2025-04-21
272,E-Learning Initiative,E-Learning,Launch online learning management system.,455904,2022-11-04,2024-11-04
273,AI Analytics Phase 1,AI Analytics,Leverage AI for predictive analytics and insights.,337486,2024-09-05,2025-09-05
274,Data Warehouse Project,Data Warehouse,Develop enterprise data warehouse for analytics.,218229,2023-08-16,2025-08-16
275,CRM System Initiative,CRM System,Implement customer relationship management system.,418452,2023-07-12,2024-07-12
276,Sustainability Upgrade,Sustainability,Develop green and sustainable business initiatives.,495299,2024-08-20,2025-08-20
277,Sustainability Phase 1,Sustainability,Develop green and sustainable business initiatives.,156081,2024-03-01,2025-03-01
278,CRM System Phase 1,CRM System,Implement customer relationship management system.,139045,2023-12-23,2024-12-23
279,Cybersecurity Initiative,Cybersecurity,Strengthen IT infrastructure security and monitoring.,84698,2023-08-24,2025-08-24
280,Employee Portal Rollout,Employee Portal,Build a self-service portal for employees.,160078,2023-08-17,2024-08-17
281,Data Warehouse Phase 1,Data Warehouse,Develop enterprise data warehouse for analytics.,392767,2022-10-11,2024-10-11
282,CRM System Initiative,CRM System,Implement customer relationship management system.,72671,2025-06-26,2027-06-26
283,Sustainability Phase 1,Sustainability,Develop green and sustainable business initiatives.,468400,2023-07-02,2024-07-02
284,ERP Upgrade Rollout,ERP Upgrade,Upgrade enterprise resource planning system.,405528,2024-05-15,2026-05-15
285,Logistics Upgrade,Logistics,Optimize supply chain and logistics operations.,485323,2024-01-27,2026-01-27
286,AI Analytics Upgrade,AI Analytics,Leverage AI for predictive analytics and insights.,136202,2023-11-11,2025-11-11
287,Cybersecurity Phase 1,Cybersecurity,Strengthen IT infrastructure security and monitoring.,101663,2022-12-21,2023-12-21
288,Cybersecurity Upgrade,Cybersecurity,Strengthen IT infrastructure security and monitoring.,65708,2023-11-12,2024-11-12
289,ERP Upgrade Rollout,ERP Upgrade,Upgrade enterprise resource planning system.,404050,2024-03-03,2026-03-03
290,E-Learning Rollout,E-Learning,Launch online learning management system.,361955,2025-05-28,2027-05-28
291,HR System Initiative,HR System,Develop and implement a new HR management system.,183883,2024-11-04,2025-11-04
292,Logistics Phase 2,Logistics,Optimize supply chain and logistics operations.,368394,2024-05-17,2026-05-17
293,CRM System Upgrade,CRM System,Implement customer relationship management system.,162547,2025-07-26,2027-07-26
294,Mobile App Project,Mobile App,Build mobile application for employee access.,436393,2024-12-15,2026-12-15
295,Cloud Migration Project,Cloud Migration,Migrate legacy systems to the cloud.,84754,2024-02-01,2026-02-01
296,Sustainability Initiative,Sustainability,Develop green and sustainable business initiatives.,276814,2022-10-17,2024-10-17
297,AI Analytics Rollout,AI Analytics,Leverage AI for predictive analytics and insights.,287714,2023-03-03,2025-03-03
298,Payroll Implementation,Payroll,Automate salary processing and compliance checks.,192483,2023-10-15,2024-10-15
299,Wellness Program Project,Wellness Program,Launch wellness and mental health support program.,183983,2023-06-09,2024-06-09
300,Training Phase 1,Training,Create an online training and certification platform.,264835,2025-02-22,2026-02-22
301,AI Analytics Initiative,AI Analytics,Leverage AI for predictive analytics and insights.,451896,2023-10-22,2025-10-22
302,Sustainability Upgrade,Sustainability,Develop green and sustainable business initiatives.,134896,2022-11-03,2023-11-03
303,HR System Initiative,HR System,Develop and implement a new HR management system.,121295,2023-02-20,2025-02-20
304,Finance Automation Rollout,Finance Automation,Automate financial reporting and compliance.,269686,2025-03-19,2027-03-19
305,Performance Dashboard Initiative,Performance Dashboard,Implement BI dashboards for management insights.,412833,2024-07-11,2025-07-11
306,Data Warehouse Phase 1,Data Warehouse,Develop enterprise data warehouse for analytics.,323255,2024-02-24,2025-02-24
307,Logistics Upgrade,Logistics,Optimize supply chain and logistics operations.,349648,2024-01-05,2026-01-05
308,Logistics Phase 2,Logistics,Optimize supply chain and logistics operations.,182874,2024-07-13,2025-07-13
309,Recruitment Implementation,Recruitment,Launch digital recruitment and candidate tracking.,58155,2025-04-03,2026-04-03
310,Employee Portal Phase 2,Employee Portal,Build a self-service portal for employees.,351528,2024-11-07,2026-11-07
311,Employee Portal Initiative,Employee Portal,Build a self-service portal for employees.,424705,2023-03-03,2025-03-03
312,Training Phase 2,Training,Create an online training and certification platform.,97254,2024-04-25,2025-04-25
313,Office Relocation Project,Office Relocation,Manage logistics for relocating company offices.,334062,2025-02-16,2027-02-16
314,Wellness Program Phase 2,Wellness Program,Launch wellness and mental health support program.,135981,2023-06-27,2024-06-27
315,Sustainability Phase 2,Sustainability,Develop green and sustainable business initiatives.,80306,2023-10-05,2024-10-05
316,Performance Dashboard Phase 2,Performance Dashboard,Implement BI dashboards for management insights.,197718,2022-11-12,2024-11-12
317,Logistics Implementation,Logistics,Optimize supply chain and logistics operations.,358987,2024-07-13,2026-07-13
318,ERP Upgrade Implementation,ERP Upgrade,Upgrade enterprise resource planning system.,170975,2022-09-07,2023-09-07
319,Finance Automation Project,Finance Automation,Automate financial reporting and compliance.,408745,2024-11-20,2026-11-20
320,Training Rollout,Training,Create an online training and certification platform.,157512,2024-12-19,2025-12-19
321,Recruitment Phase 1,Recruitment,Launch digital recruitment and candidate tracking.,197443,2025-08-06,2027-08-06
322,CRM System Phase 1,CRM System,Implement customer relationship management system.,423616,2025-07-12,2027-07-12
323,E-Learning Phase 1,E-Learning,Launch online learning management system.,183121,2023-07-08,2024-07-08
324,HR System Phase 1,HR System,Develop and implement a new HR management system.,212688,2024-03-23,2026-03-23
325,Office Relocation Rollout,Office Relocation,Manage logistics for relocating company offices.,415871,2024-07-05,2025-07-05
326,Customer Service Project,Customer Service,Enhance digital customer service solutions.,425037,2022-12-22,2024-12-22
327,Sustainability Rollout,Sustainability,Develop green and sustainable business initiatives.,333076,2025-07-02,2026-07-02
328,Training Phase 2,Training,Create an online training and certification platform.,167796,2024-01-30,2025-01-30
329,Logistics Phase 2,Logistics,Optimize supply chain and logistics operations.,341999,2025-04-30,2027-04-30
330,Cloud Migration Phase 1,Cloud Migration,Migrate legacy systems to the cloud.,242506,2024-01-05,2025-01-05
331,Logistics Rollout,Logistics,Optimize supply chain and logistics operations.,224088,2025-07-01,2027-07-01
332,Logistics Phase 2,Logistics,Optimize supply chain and logistics operations.,319544,2023-03-17,2024-03-17
333,AI Analytics Phase 1,AI Analytics,Leverage AI for predictive analytics and insights.,430002,2023-12-15,2024-12-15
334,Mobile App Initiative,Mobile App,Build mobile application for employee access.,223714,2024-10-31,2025-10-31
335,Performance Dashboard Project,Performance Dashboard,Implement BI dashboards for management insights.,65151,2023-12-29,2025-12-29
336,ERP Upgrade Implementation,ERP Upgrade,Upgrade enterprise resource planning system.,494623,2025-07-06,2027-07-06
337,CRM System Upgrade,CRM System,Implement customer relationship management system.,116690,2024-05-31,2025-05-31
338,Cybersecurity Initiative,Cybersecurity,Strengthen IT infrastructure security and monitoring.,54499,2024-01-24,2026-01-24
339,Sustainability Initiative,Sustainability,Develop green and sustainable business initiatives.,56295,2024-05-22,2026-05-22
340,ERP Upgrade Phase 2,ERP Upgrade,Upgrade enterprise resource planning system.,433029,2025-08-23,2026-08-23
341,Training Phase 2,Training,Create an online training and certification platform.,438215,2023-12-08,2024-12-08
342,Payroll Implementation,Payroll,Automate salary processing and compliance checks.,371184,2025-01-13,2026-01-13
343,E-Learning Project,E-Learning,Launch online learning management system.,324327,2023-03-21,2025-03-21
344,Cybersecurity Rollout,Cybersecurity,Strengthen IT infrastructure security and monitoring.,472515,2023-06-30,2024-06-30
345,Employee Portal Rollout,Employee Portal,Build a self-service portal for employees.,193946,2024-06-19,2025-06-19
346,AI Analytics Upgrade,AI Analytics,Leverage AI for predictive analytics and insights.,428480,2025-07-03,2027-07-03
347,E-Learning Phase 2,E-Learning,Launch online learning management system.,82711,2024-04-15,2025-04-15
348,HR System Initiative,HR System,Develop and implement a new HR management system.,317683,2025-07-23,2027-07-23
349,Training Phase 2,Training,Create an online training and certification platform.,234423,2023-06-02,2024-06-02
350,Training Upgrade,Training,Create an online training and certification platform.,229426,2025-04-18,2027-04-18
351,Sustainability Rollout,Sustainability,Develop green and sustainable business initiatives.,438207,2025-02-05,2026-02-05
352,Wellness Program Phase 1,Wellness Program,Launch wellness and mental health support program.,183629,2023-12-16,2024-12-16
353,Finance Automation Initiative,Finance Automation,Automate financial reporting and compliance.,350504,2024-05-27,2025-05-27
354,ERP Upgrade Initiative,ERP Upgrade,Upgrade enterprise resource planning system.,263090,2025-01-03,2027-01-03
355,Recruitment Rollout,Recruitment,Launch digital recruitment and candidate tracking.,183272,2022-09-05,2024-09-05
356,Cybersecurity Rollout,Cybersecurity,Strengthen IT infrastructure security and monitoring.,293548,2023-12-21,2024-12-21
357,Logistics Phase 2,Logistics,Optimize supply chain and logistics operations.,228047,2023-11-24,2024-11-24
358,Cybersecurity Initiative,Cybersecurity,Strengthen IT infrastructure security and monitoring.,333501,2023-07-28,2025-07-28
359,Sustainability Rollout,Sustainability,Develop green and sustainable business initiatives.,169121,2024-07-03,2025-07-03
360,Logistics Upgrade,Logistics,Optimize supply chain and logistics operations.,127505,2025-02-21,2026-02-21
361,Finance Automation Upgrade,Finance Automation,Automate financial reporting and compliance.,52869,2025-04-04,2026-04-04
362,Performance Dashboard Initiative,Performance Dashboard,Implement BI dashboards for management insights.,307186,2025-06-18,2027-06-18
363,Office Relocation Implementation,Office Relocation,Manage logistics for relocating company offices.,362252,2024-01-18,2026-01-18
364,Recruitment Phase 2,Recruitment,Launch digital recruitment and candidate tracking.,162296,2024-08-27,2025-08-27
365,Employee Portal Rollout,Employee Portal,Build a self-service portal for employees.,144179,2024-07-22,2026-07-22
366,Employee Portal Phase 2,Employee Portal,Build a self-service portal for employees.,140272,2024-07-22,2025-07-22
367,Data Warehouse Initiative,Data Warehouse,Develop enterprise data warehouse for analytics.,88467,2025-07-20,2027-07-20
368,Office Relocation Upgrade,Office Relocation,Manage logistics for relocating company offices.,335472,2023-08-02,2024-08-02
369,Payroll Phase 1,Payroll,Automate salary processing and compliance checks.,403556,2024-11-07,2025-11-07
370,Payroll Phase 1,Payroll,Automate salary processing and compliance checks.,185059,2024-09-09,2026-09-09
371,Cloud Migration Phase 1,Cloud Migration,Migrate legacy systems to the cloud.,108871,2023-05-26,2024-05-26
372,CRM System Implementation,CRM System,Implement customer relationship management system.,465615,2025-06-24,2026-06-24
373,Performance Dashboard Project,Performance Dashboard,Implement BI dashboards for management insights.,178391,2023-01-14,2025-01-14
374,CRM System Project,CRM System,Implement customer relationship management system.,489430,2023-11-19,2025-11-19
375,Data Warehouse Implementation,Data Warehouse,Develop enterprise data warehouse for analytics.,136416,2024-11-13,2025-11-13
376,Data Warehouse Upgrade,Data Warehouse,Develop enterprise data warehouse for analytics.,382415,2025-07-02,2027-07-02
377,Finance Automation Rollout,Finance Automation,Automate financial reporting and compliance.,356208,2025-05-15,2027-05-15
378,ERP Upgrade Project,ERP Upgrade,Upgrade enterprise resource planning system.,306687,2025-04-23,2027-04-23
379,Performance Dashboard Phase 2,Performance Dashboard,Implement BI dashboards for management insights.,251163,2024-02-07,2025-02-07
380,Customer Service Implementation,Customer Service,Enhance digital customer service solutions.,157450,2023-01-28,2025-01-28
381,Performance Dashboard Phase 2,Performance Dashboard,Implement BI dashboards for management insights.,221890,2023-09-04,2024-09-04
382,Wellness Program Phase 2,Wellness Program,Launch wellness and mental health support program.,488741,2025-07-16,2027-07-16
383,Wellness Program Initiative,Wellness Program,Launch wellness and mental health support program.,331974,2023-12-31,2024-12-31
384,HR System Rollout,HR System,Develop and implement a new HR management system.,460645,2023-08-19,2024-08-19
385,AI Analytics Phase 1,AI Analytics,Leverage AI for predictive analytics and insights.,450109,2023-07-11,2025-07-11
386,Logistics Implementation,Logistics,Optimize supply chain and logistics operations.,166381,2023-04-21,2024-04-21
387,Recruitment Phase 2,Recruitment,Launch digital recruitment and candidate tracking.,97333,2022-10-12,2023-10-12
388,Cloud Migration Project,Cloud Migration,Migrate legacy systems to the cloud.,184508,2022-11-15,2024-11-15
389,Office Relocation Initiative,Office Relocation,Manage logistics for relocating company offices.,255362,2023-09-20,2025-09-20
390,CRM System Initiative,CRM System,Implement customer relationship management system.,388357,2024-09-12,2025-09-12
391,Wellness Program Phase 2,Wellness Program,Launch wellness and mental health support program.,449111,2025-04-11,2027-04-11
392,Office Relocation Implementation,Office Relocation,Manage logistics for relocating company offices.,200810,2022-12-27,2024-12-27
393,ERP Upgrade Rollout,ERP Upgrade,Upgrade enterprise resource planning system.,342890,2024-08-12,2025-08-12
394,Sustainability Upgrade,Sustainability,Develop green and sustainable business initiatives.,99377,2024-06-09,2025-06-09
395,Performance Dashboard Phase 2,Performance Dashboard,Implement BI dashboards for management insights.,491620,2025-05-10,2026-05-10
396,Customer Service Phase 1,Customer Service,Enhance digital customer service solutions.,366189,2025-02-15,2027-02-15
397,Customer Service Phase 1,Customer Service,Enhance digital customer service solutions.,410032,2023-07-04,2024-07-04
398,Office Relocation Upgrade,Office Relocation,Manage logistics for relocating company offices.,483006,2025-08-21,2027-08-21
399,ERP Upgrade Phase 1,ERP Upgrade,Upgrade enterprise resource planning system.,419599,2024-04-23,2025-04-23
400,HR System Project,HR System,Develop and implement a new HR management system.,186672,2024-10-11,2025-10-11
401,Payroll Project,Payroll,Automate salary processing and compliance checks.,275732,2024-05-17,2025-05-17
402,Sustainability Rollout,Sustainability,Develop green and sustainable business initiatives.,405323,2023-09-19,2024-09-19
403,Office Relocation Rollout,Office Relocation,Manage logistics for relocating company offices.,221836,2023-04-22,2025-04-22
404,Performance Dashboard Project,Performance Dashboard,Implement BI dashboards for management insights.,255615,2025-06-20,2027-06-20
405,Cloud Migration Implementation,Cloud Migration,Migrate legacy systems to the cloud.,95714,2025-08-08,2027-08-08
406,Mobile App Project,Mobile App,Build mobile application for employee access.,152946,2022-09-13,2024-09-13
407,Wellness Program Initiative,Wellness Program,Launch wellness and mental health support program.,421760,2023-02-17,2025-02-17
408,Training Initiative,Training,Create an online training and certification platform.,155983,2024-06-26,2025-06-26
409,Employee Portal Initiative,Employee Portal,Build a self-service portal for employees.,237563,2023-08-10,2024-08-10
410,Payroll Phase 1,Payroll,Automate salary processing and compliance checks.,174123,2023-06-05,2025-06-05
411,AI Analytics Upgrade,AI Analytics,Leverage AI for predictive analytics and insights.,461805,2025-08-21,2027-08-21
412,Customer Service Phase 1,Customer Service,Enhance digital customer service solutions.,355628,2024-11-17,2025-11-17
413,Training Upgrade,Training,Create an online training and certification platform.,132989,2024-08-26,2026-08-26
414,Office Relocation Phase 1,Office Relocation,Manage logistics for relocating company offices.,348356,2022-11-22,2024-11-22
415,CRM System Implementation,CRM System,Implement customer relationship management system.,355669,2025-01-17,2026-01-17
416,Mobile App Implementation,Mobile App,Build mobile application for employee access.,228274,2023-09-27,2025-09-27
417,Logistics Phase 1,Logistics,Optimize supply chain and logistics operations.,213707,2023-03-12,2025-03-12
418,E-Learning Project,E-Learning,Launch online learning management system.,375352,2024-08-14,2026-08-14
419,Wellness Program Rollout,Wellness Program,Launch wellness and mental health support program.,345972,2023-03-31,2025-03-31
420,Data Warehouse Phase 1,Data Warehouse,Develop enterprise data warehouse for analytics.,461927,2024-08-26,2026-08-26
421,Sustainability Rollout,Sustainability,Develop green and sustainable business initiatives.,315564,2025-07-08,2027-07-08
422,Office Relocation Initiative,Office Relocation,Manage logistics for relocating company offices.,408896,2024-12-08,2025-12-08
423,Cybersecurity Rollout,Cybersecurity,Strengthen IT infrastructure security and monitoring.,181373,2025-01-20,2027-01-20
424,Employee Portal Phase 2,Employee Portal,Build a self-service portal for employees.,488452,2025-03-18,2027-03-18
425,Recruitment Implementation,Recruitment,Launch digital recruitment and candidate tracking.,165294,2024-01-10,2026-01-10
426,Performance Dashboard Rollout,Performance Dashboard,Implement BI dashboards for management insights.,497456,2024-07-23,2026-07-23
427,ERP Upgrade Rollout,ERP Upgrade,Upgrade enterprise resource planning system.,174019,2025-04-13,2026-04-13
428,Logistics Phase 1,Logistics,Optimize supply chain and logistics operations.,115726,2024-10-28,2026-10-28
429,Recruitment Rollout,Recruitment,Launch digital recruitment and candidate tracking.,191564,2024-06-28,2025-06-28
430,ERP Upgrade Upgrade,ERP Upgrade,Upgrade enterprise resource planning system.,427812,2025-01-03,2027-01-03
431,Wellness Program Project,Wellness Program,Launch wellness and mental health support program.,318246,2024-07-28,2025-07-28
432,Employee Portal Phase 2,Employee Portal,Build a self-service portal for employees.,231408,2023-05-10,2025-05-10
433,Cloud Migration Initiative,Cloud Migration,Migrate legacy systems to the cloud.,168015,2024-09-11,2026-09-11
434,Wellness Program Project,Wellness Program,Launch wellness and mental health support program.,266386,2024-08-04,2025-08-04
435,ERP Upgrade Rollout,ERP Upgrade,Upgrade enterprise resource planning system.,304079,2023-10-12,2024-10-12
436,Cloud Migration Upgrade,Cloud Migration,Migrate legacy systems to the cloud.,76641,2023-09-24,2025-09-24
437,Performance Dashboard Phase 2,Performance Dashboard,Implement BI dashboards for management insights.,215656,2025-05-22,2027-05-22
438,HR System Project,HR System,Develop and implement a new HR management system.,213817,2023-11-09,2025-11-09
439,Logistics Phase 1,Logistics,Optimize supply chain and logistics operations.,466309,2024-11-22,2026-11-22
440,Finance Automation Implementation,Finance Automation,Automate financial reporting and compliance.,415890,2024-09-26,2026-09-26
441,Recruitment Initiative,Recruitment,Launch digital recruitment and candidate tracking.,495101,2025-05-05,2026-05-05
442,AI Analytics Initiative,AI Analytics,Leverage AI for predictive analytics and insights.,86631,2023-09-11,2025-09-11
443,Office Relocation Initiative,Office Relocation,Manage logistics for relocating company offices.,292289,2023-11-05,2025-11-05
444,CRM System Upgrade,CRM System,Implement customer relationship management system.,122991,2024-07-19,2026-07-19
445,Training Upgrade,Training,Create an online training and certification platform.,54014,2023-01-03,2024-01-03
446,Payroll Phase 1,Payroll,Automate salary processing and compliance checks.,323237,2023-11-22,2025-11-22
447,Sustainability Upgrade,Sustainability,Develop green and sustainable business initiatives.,68070,2023-09-04,2025-09-04
448,Employee Portal Implementation,Employee Portal,Build a self-service portal for employees.,347921,2023-11-01,2025-11-01
449,Logistics Implementation,Logistics,Optimize supply chain and logistics operations.,106958,2024-02-08,2025-02-08
450,ERP Upgrade Phase 2,ERP Upgrade,Upgrade enterprise resource planning system.,132074,2024-01-14,2025-01-14
451,Cloud Migration Initiative,Cloud Migration,Migrate legacy systems to the cloud.,60729,2024-12-22,2026-12-22
452,Logistics Phase 2,Logistics,Optimize supply chain and logistics operations.,280785,2023-01-08,2025-01-08
453,Customer Service Initiative,Customer Service,Enhance digital customer service solutions.,226089,2023-04-07,2024-04-07
454,Training Phase 2,Training,Create an online training and certification platform.,247392,2023-04-27,2024-04-27
455,Employee Portal Rollout,Employee Portal,Build a self-service portal for employees.,208823,2023-08-30,2024-08-30
456,Sustainability Project,Sustainability,Develop green and sustainable business initiatives.,155864,2024-04-22,2026-04-22
457,CRM System Phase 1,CRM System,Implement customer relationship management system.,443002,2025-08-18,2026-08-18
458,Payroll Initiative,Payroll,Automate salary processing and compliance checks.,259141,2023-04-30,2024-04-30
459,Cloud Migration Implementation,Cloud Migration,Migrate legacy systems to the cloud.,417654,2023-08-03,2024-08-03
460,AI Analytics Phase 2,AI Analytics,Leverage AI for predictive analytics and insights.,104748,2022-12-13,2023-12-13
461,Performance Dashboard Rollout,Performance Dashboard,Implement BI dashboards for management insights.,55801,2024-06-10,2026-06-10
462,Cloud Migration Upgrade,Cloud Migration,Migrate legacy systems to the cloud.,200262,2024-05-30,2026-05-30
463,Cloud Migration Project,Cloud Migration,Migrate legacy systems to the cloud.,492905,2024-02-01,2026-02-01
464,Cloud Migration Upgrade,Cloud Migration,Migrate legacy systems to the cloud.,285362,2024-12-25,2025-12-25
465,ERP Upgrade Phase 1,ERP Upgrade,Upgrade enterprise resource planning system.,494209,2024-08-28,2025-08-28
466,Mobile App Upgrade,Mobile App,Build mobile application for employee access.,79592,2024-06-11,2026-06-11
467,AI Analytics Upgrade,AI Analytics,Leverage AI for predictive analytics and insights.,322791,2022-12-10,2024-12-10
468,Mobile App Initiative,Mobile App,Build mobile application for employee access.,189788,2023-07-23,2025-07-23
469,Finance Automation Upgrade,Finance Automation,Automate financial reporting and compliance.,269963,2024-06-18,2026-06-18
470,Payroll Rollout,Payroll,Automate salary processing and compliance checks.,298710,2024-05-02,2025-05-02
471,Cybersecurity Implementation,Cybersecurity,Strengthen IT infrastructure security and monitoring.,270984,2025-02-28,2026-02-28
472,Training Rollout,Training,Create an online training and certification platform.,422771,2025-08-20,2027-08-20
473,Customer Service Implementation,Customer Service,Enhance digital customer service solutions.,382460,2022-10-05,2024-10-05
474,Recruitment Rollout,Recruitment,Launch digital recruitment and candidate tracking.,308067,2025-02-15,2027-02-15
475,Logistics Implementation,Logistics,Optimize supply chain and logistics operations.,314512,2024-04-17,2026-04-17
476,Customer Service Implementation,Customer Service,Enhance digital customer service solutions.,127575,2024-09-14,2025-09-14
477,Performance Dashboard Phase 1,Performance Dashboard,Implement BI dashboards for management insights.,318799,2022-09-14,2023-09-14
478,Training Rollout,Training,Create an online training and certification platform.,287549,2024-03-04,2025-03-04
479,Finance Automation Upgrade,Finance Automation,Automate financial reporting and compliance.,120031,2023-12-12,2024-12-12
480,Wellness Program Rollout,Wellness Program,Launch wellness and mental health support program.,137922,2024-05-02,2026-05-02
481,Training Implementation,Training,Create an online training and certification platform.,498982,2024-06-16,2026-06-16
482,Logistics Phase 1,Logistics,Optimize supply chain and logistics operations.,174046,2024-12-19,2025-12-19
483,Data Warehouse Upgrade,Data Warehouse,Develop enterprise data warehouse for analytics.,456619,2024-12-31,2026-12-31
484,HR System Implementation,HR System,Develop and implement a new HR management system.,82097,2025-03-30,2027-03-30
485,HR System Phase 1,HR System,Develop and implement a new HR management system.,192038,2023-08-13,2025-08-13
486,Performance Dashboard Project,Performance Dashboard,Implement BI dashboards for management insights.,174862,2024-10-02,2025-10-02
487,Cybersecurity Upgrade,Cybersecurity,Strengthen IT infrastructure security and monitoring.,280229,2023-08-11,2025-08-11
488,Data Warehouse Phase 1,Data Warehouse,Develop enterprise data warehouse for analytics.,168834,2023-11-02,2025-11-02
489,Payroll Implementation,Payroll,Automate salary processing and compliance checks.,143848,2024-07-13,2025-07-13
490,CRM System Project,CRM System,Implement customer relationship management system.,102921,2024-09-28,2025-09-28
491,Employee Portal Initiative,Employee Portal,Build a self-service portal for employees.,230798,2022-10-20,2023-10-20
492,Recruitment Phase 2,Recruitment,Launch digital recruitment and candidate tracking.,176141,2024-05-01,2025-05-01
493,AI Analytics Rollout,AI Analytics,Leverage AI for predictive analytics and insights.,231372,2024-02-09,2026-02-09
494,Cloud Migration Project,Cloud Migration,Migrate legacy systems to the cloud.,334821,2025-07-10,2026-07-10
495,Customer Service Upgrade,Customer Service,Enhance digital customer service solutions.,105609,2025-07-26,2027-07-26
496,AI Analytics Project,AI Analytics,Leverage AI for predictive analytics and insights.,277897,2024-05-25,2025-05-25
497,Performance Dashboard Project,Performance Dashboard,Implement BI dashboards for management insights.,499877,2023-05-19,2025-05-19
498,Payroll Initiative,Payroll,Automate salary processing and compliance checks.,81024,2024-08-31,2026-08-31
499,E-Learning Phase 1,E-Learning,Launch online learning management system.,120313,2023-03-22,2024-03-22
500,AI Analytics Initiative,AI Analytics,Leverage AI for predictive analytics and insights.,439957,2025-04-28,2027-04-28
