training_id,training_title,training_desc,provider,start_date,end_date
1,Machine Learning Basics,Overview of machine learning models and use cases.,LinkedIn Learning,2025-05-13,2025-07-09
2,Advanced Excel for Analysts,Hands-on workshop focusing on practical Excel functions for analytics.,PwC Learning Hub,2023-02-12,2023-02-17
3,Leadership Essentials,Comprehensive program to develop leadership capabilities.,Harvard Online,2022-10-01,2022-11-27
4,HR Policies and Compliance,Training on HR compliance and organizational policies.,MIT OpenCourseWare,2023-10-25,2023-11-10
5,Agile Project Management,Master agile concepts and apply them to real projects.,Udacity,2023-09-08,2023-10-02
6,Time Management Strategies,Practical guide to improve productivity through time management.,Oxford Business School,2023-08-05,2023-08-24
7,Time Management Strategies,Practical guide to improve productivity through time management.,Deloitte Academy,2023-03-28,2023-04-08
8,Cybersecurity Awareness,Awareness program to understand and mitigate cybersecurity risks.,Harvard Online,2023-01-30,2023-02-28
9,HR Policies and Compliance,Training on HR compliance and organizational policies.,Skillshare Pro,2025-07-10,2025-09-02
10,Advanced Excel for Analysts,Hands-on workshop focusing on practical Excel functions for analytics.,Udacity,2024-12-18,2025-01-22
11,Machine Learning Basics,Overview of machine learning models and use cases.,Skillshare Pro,2023-01-06,2023-02-21
12,HR Policies and Compliance,Training on HR compliance and organizational policies.,PwC Learning Hub,2025-02-26,2025-03-18
13,Customer Relationship Management,CRM systems training to enhance customer relations.,Harvard Online,2024-06-09,2024-07-19
14,Effective Communication,Improve workplace communication and collaboration.,Skillshare Pro,2022-10-12,2022-12-03
15,Advanced Excel for Analysts,Hands-on workshop focusing on practical Excel functions for analytics.,EY Learning Center,2022-10-09,2022-11-20
16,Finance for Non-Financial Managers,Essential finance concepts tailored for managers.,Coursera,2023-01-16,2023-02-19
17,Data Visualization with Power BI,Visual storytelling with dashboards and BI tools.,Udacity,2023-07-29,2023-07-30
18,Leadership Essentials,Comprehensive program to develop leadership capabilities.,LinkedIn Learning,2023-08-20,2023-10-02
19,Leadership Essentials,Comprehensive program to develop leadership capabilities.,Udacity,2024-10-17,2024-12-09
20,Advanced Excel for Analysts,Hands-on workshop focusing on practical Excel functions for analytics.,Skillshare Pro,2025-03-16,2025-04-21
21,Time Management Strategies,Practical guide to improve productivity through time management.,Skillshare Pro,2022-10-04,2022-10-24
22,Time Management Strategies,Practical guide to improve productivity through time management.,Deloitte Academy,2025-01-11,2025-03-12
23,Effective Communication,Improve workplace communication and collaboration.,EY Learning Center,2023-06-28,2023-08-10
24,Finance for Non-Financial Managers,Essential finance concepts tailored for managers.,LinkedIn Learning,2025-05-29,2025-06-05
25,Leadership Essentials,Comprehensive program to develop leadership capabilities.,Oxford Business School,2025-08-17,2025-10-13
26,Effective Communication,Improve workplace communication and collaboration.,Deloitte Academy,2024-12-17,2024-12-26
27,Time Management Strategies,Practical guide to improve productivity through time management.,PwC Learning Hub,2024-06-05,2024-06-22
28,HR Policies and Compliance,Training on HR compliance and organizational policies.,LinkedIn Learning,2023-08-01,2023-08-09
29,Machine Learning Basics,Overview of machine learning models and use cases.,Harvard Online,2024-07-21,2024-09-16
30,HR Policies and Compliance,Training on HR compliance and organizational policies.,Coursera,2025-02-24,2025-03-03
31,Effective Communication,Improve workplace communication and collaboration.,Deloitte Academy,2023-10-30,2023-12-17
32,Data Visualization with Power BI,Visual storytelling with dashboards and BI tools.,Coursera,2022-09-03,2022-10-09
33,Time Management Strategies,Practical guide to improve productivity through time management.,EY Learning Center,2023-04-29,2023-05-09
34,Introduction to Python for Data Analysis,Introduction to Python libraries for data analysis.,PwC Learning Hub,2025-08-12,2025-08-30
35,Finance for Non-Financial Managers,Essential finance concepts tailored for managers.,PwC Learning Hub,2024-06-10,2024-06-29
36,Agile Project Management,Master agile concepts and apply them to real projects.,Oxford Business School,2024-02-03,2024-03-13
37,Cloud Fundamentals,Learn fundamentals of cloud computing and deployment.,PwC Learning Hub,2023-10-29,2023-11-12
38,Sales Techniques Masterclass,Boost sales performance with proven strategies.,Skillshare Pro,2023-04-22,2023-06-07
39,Leadership Essentials,Comprehensive program to develop leadership capabilities.,Udacity,2023-07-24,2023-08-15
40,Cloud Fundamentals,Learn fundamentals of cloud computing and deployment.,Udacity,2024-01-28,2024-02-11
41,Cloud Fundamentals,Learn fundamentals of cloud computing and deployment.,Oxford Business School,2023-01-29,2023-03-14
42,Cybersecurity Awareness,Awareness program to understand and mitigate cybersecurity risks.,Skillshare Pro,2023-01-15,2023-02-25
43,HR Policies and Compliance,Training on HR compliance and organizational policies.,Udacity,2024-04-05,2024-05-30
44,Data Visualization with Power BI,Visual storytelling with dashboards and BI tools.,Harvard Online,2023-01-21,2023-02-07
45,Conflict Resolution Skills,Learn techniques for managing and resolving workplace conflicts.,Skillshare Pro,2024-03-03,2024-04-05
46,Agile Project Management,Master agile concepts and apply them to real projects.,EY Learning Center,2024-02-09,2024-03-12
47,Cybersecurity Awareness,Awareness program to understand and mitigate cybersecurity risks.,MIT OpenCourseWare,2025-03-18,2025-04-04
48,Time Management Strategies,Practical guide to improve productivity through time management.,Coursera,2023-10-08,2023-12-05
49,Cloud Fundamentals,Learn fundamentals of cloud computing and deployment.,Skillshare Pro,2022-10-30,2022-12-28
50,Conflict Resolution Skills,Learn techniques for managing and resolving workplace conflicts.,Coursera,2024-08-06,2024-09-30
51,Advanced Excel for Analysts,Hands-on workshop focusing on practical Excel functions for analytics.,Harvard Online,2024-12-04,2024-12-08
52,Advanced Excel for Analysts,Hands-on workshop focusing on practical Excel functions for analytics.,MIT OpenCourseWare,2023-03-05,2023-03-11
53,Data Visualization with Power BI,Visual storytelling with dashboards and BI tools.,LinkedIn Learning,2024-04-03,2024-05-14
54,Advanced Excel for Analysts,Hands-on workshop focusing on practical Excel functions for analytics.,Oxford Business School,2022-12-24,2023-01-21
55,Conflict Resolution Skills,Learn techniques for managing and resolving workplace conflicts.,Skillshare Pro,2024-12-28,2025-02-20
56,Sales Techniques Masterclass,Boost sales performance with proven strategies.,Oxford Business School,2023-11-22,2023-12-10
57,Conflict Resolution Skills,Learn techniques for managing and resolving workplace conflicts.,PwC Learning Hub,2025-04-26,2025-04-29
58,Finance for Non-Financial Managers,Essential finance concepts tailored for managers.,Coursera,2025-04-10,2025-04-11
59,Agile Project Management,Master agile concepts and apply them to real projects.,Coursera,2024-03-07,2024-03-29
60,Cloud Fundamentals,Learn fundamentals of cloud computing and deployment.,PwC Learning Hub,2025-02-05,2025-03-27
61,Leadership Essentials,Comprehensive program to develop leadership capabilities.,LinkedIn Learning,2023-06-18,2023-06-27
62,HR Policies and Compliance,Training on HR compliance and organizational policies.,Deloitte Academy,2025-08-22,2025-10-02
63,Introduction to Python for Data Analysis,Introduction to Python libraries for data analysis.,EY Learning Center,2022-12-10,2022-12-27
64,Effective Communication,Improve workplace communication and collaboration.,Skillshare Pro,2022-11-03,2022-11-14
65,Advanced Excel for Analysts,Hands-on workshop focusing on practical Excel functions for analytics.,Coursera,2025-06-16,2025-08-03
66,Customer Relationship Management,CRM systems training to enhance customer relations.,EY Learning Center,2023-08-13,2023-09-11
67,Data Visualization with Power BI,Visual storytelling with dashboards and BI tools.,Coursera,2023-11-16,2023-12-22
68,Advanced Excel for Analysts,Hands-on workshop focusing on practical Excel functions for analytics.,Deloitte Academy,2022-12-25,2023-02-09
69,Effective Communication,Improve workplace communication and collaboration.,PwC Learning Hub,2023-08-20,2023-09-17
70,Agile Project Management,Master agile concepts and apply them to real projects.,Deloitte Academy,2023-01-27,2023-03-04
71,Sales Techniques Masterclass,Boost sales performance with proven strategies.,Coursera,2024-04-05,2024-04-06
72,Machine Learning Basics,Overview of machine learning models and use cases.,PwC Learning Hub,2023-10-29,2023-11-06
73,Finance for Non-Financial Managers,Essential finance concepts tailored for managers.,Deloitte Academy,2024-07-28,2024-08-02
74,Customer Relationship Management,CRM systems training to enhance customer relations.,LinkedIn Learning,2025-05-07,2025-07-03
75,Sales Techniques Masterclass,Boost sales performance with proven strategies.,PwC Learning Hub,2024-03-12,2024-04-26
76,Conflict Resolution Skills,Learn techniques for managing and resolving workplace conflicts.,Skillshare Pro,2023-05-03,2023-06-30
77,Finance for Non-Financial Managers,Essential finance concepts tailored for managers.,Coursera,2024-03-21,2024-03-31
78,Time Management Strategies,Practical guide to improve productivity through time management.,Harvard Online,2024-02-26,2024-04-01
79,HR Policies and Compliance,Training on HR compliance and organizational policies.,Oxford Business School,2023-07-15,2023-07-18
80,Advanced Excel for Analysts,Hands-on workshop focusing on practical Excel functions for analytics.,Coursera,2025-06-30,2025-08-23
81,Leadership Essentials,Comprehensive program to develop leadership capabilities.,Skillshare Pro,2023-10-12,2023-11-05
82,Machine Learning Basics,Overview of machine learning models and use cases.,Udacity,2025-08-18,2025-09-25
83,Time Management Strategies,Practical guide to improve productivity through time management.,EY Learning Center,2025-07-20,2025-08-25
84,Cloud Fundamentals,Learn fundamentals of cloud computing and deployment.,EY Learning Center,2025-05-26,2025-06-05
85,Agile Project Management,Master agile concepts and apply them to real projects.,Oxford Business School,2022-12-12,2023-01-09
86,Advanced Excel for Analysts,Hands-on workshop focusing on practical Excel functions for analytics.,Coursera,2025-03-27,2025-04-05
87,Sales Techniques Masterclass,Boost sales performance with proven strategies.,Oxford Business School,2025-05-06,2025-05-09
88,Time Management Strategies,Practical guide to improve productivity through time management.,MIT OpenCourseWare,2023-05-16,2023-06-05
89,Sales Techniques Masterclass,Boost sales performance with proven strategies.,Coursera,2024-11-30,2024-12-24
90,Advanced Excel for Analysts,Hands-on workshop focusing on practical Excel functions for analytics.,PwC Learning Hub,2023-09-08,2023-11-05
91,Data Visualization with Power BI,Visual storytelling with dashboards and BI tools.,PwC Learning Hub,2023-05-04,2023-07-03
92,Agile Project Management,Master agile concepts and apply them to real projects.,MIT OpenCourseWare,2024-08-11,2024-10-01
93,Introduction to Python for Data Analysis,Introduction to Python libraries for data analysis.,LinkedIn Learning,2024-04-04,2024-05-30
94,Machine Learning Basics,Overview of machine learning models and use cases.,MIT OpenCourseWare,2023-10-17,2023-10-20
95,Sales Techniques Masterclass,Boost sales performance with proven strategies.,MIT OpenCourseWare,2025-05-14,2025-07-11
96,Conflict Resolution Skills,Learn techniques for managing and resolving workplace conflicts.,Oxford Business School,2025-07-28,2025-08-20
97,Cybersecurity Awareness,Awareness program to understand and mitigate cybersecurity risks.,Deloitte Academy,2025-01-05,2025-01-19
98,Conflict Resolution Skills,Learn techniques for managing and resolving workplace conflicts.,PwC Learning Hub,2023-07-31,2023-09-13
99,Conflict Resolution Skills,Learn techniques for managing and resolving workplace conflicts.,Deloitte Academy,2025-07-22,2025-08-07
100,Time Management Strategies,Practical guide to improve productivity through time management.,MIT OpenCourseWare,2024-01-09,2024-02-21
101,Machine Learning Basics,Overview of machine learning models and use cases.,LinkedIn Learning,2022-11-18,2022-11-25
102,Agile Project Management,Master agile concepts and apply them to real projects.,PwC Learning Hub,2023-08-14,2023-09-06
103,HR Policies and Compliance,Training on HR compliance and organizational policies.,Coursera,2022-10-12,2022-12-01
104,Customer Relationship Management,CRM systems training to enhance customer relations.,Coursera,2023-12-27,2024-02-01
105,Machine Learning Basics,Overview of machine learning models and use cases.,Coursera,2024-05-08,2024-07-04
106,Machine Learning Basics,Overview of machine learning models and use cases.,Skillshare Pro,2023-10-13,2023-12-08
107,Advanced Excel for Analysts,Hands-on workshop focusing on practical Excel functions for analytics.,Oxford Business School,2022-12-04,2022-12-31
108,Finance for Non-Financial Managers,Essential finance concepts tailored for managers.,Udacity,2023-07-17,2023-08-26
109,Machine Learning Basics,Overview of machine learning models and use cases.,MIT OpenCourseWare,2025-01-21,2025-03-10
110,Cybersecurity Awareness,Awareness program to understand and mitigate cybersecurity risks.,Udacity,2023-12-25,2024-01-04
111,Effective Communication,Improve workplace communication and collaboration.,Harvard Online,2023-07-20,2023-09-18
112,HR Policies and Compliance,Training on HR compliance and organizational policies.,Oxford Business School,2025-06-07,2025-08-06
113,Time Management Strategies,Practical guide to improve productivity through time management.,Coursera,2024-10-07,2024-10-23
114,Cybersecurity Awareness,Awareness program to understand and mitigate cybersecurity risks.,PwC Learning Hub,2024-04-29,2024-06-24
115,Introduction to Python for Data Analysis,Introduction to Python libraries for data analysis.,Oxford Business School,2025-05-18,2025-05-29
116,Data Visualization with Power BI,Visual storytelling with dashboards and BI tools.,Skillshare Pro,2024-08-05,2024-09-26
117,Agile Project Management,Master agile concepts and apply them to real projects.,PwC Learning Hub,2023-04-02,2023-05-24
118,Customer Relationship Management,CRM systems training to enhance customer relations.,Deloitte Academy,2023-10-09,2023-10-21
119,Machine Learning Basics,Overview of machine learning models and use cases.,Skillshare Pro,2023-03-28,2023-05-24
120,HR Policies and Compliance,Training on HR compliance and organizational policies.,Deloitte Academy,2023-09-11,2023-10-08
121,Effective Communication,Improve workplace communication and collaboration.,PwC Learning Hub,2025-01-12,2025-01-14
122,Time Management Strategies,Practical guide to improve productivity through time management.,Coursera,2024-12-08,2024-12-20
123,Machine Learning Basics,Overview of machine learning models and use cases.,Udacity,2023-10-06,2023-11-23
124,Conflict Resolution Skills,Learn techniques for managing and resolving workplace conflicts.,MIT OpenCourseWare,2025-02-17,2025-04-18
125,Sales Techniques Masterclass,Boost sales performance with proven strategies.,Oxford Business School,2024-06-19,2024-07-11
126,Cloud Fundamentals,Learn fundamentals of cloud computing and deployment.,Oxford Business School,2025-02-15,2025-04-07
127,Cloud Fundamentals,Learn fundamentals of cloud computing and deployment.,Coursera,2024-05-05,2024-07-04
128,Leadership Essentials,Comprehensive program to develop leadership capabilities.,MIT OpenCourseWare,2024-03-08,2024-04-04
129,Time Management Strategies,Practical guide to improve productivity through time management.,Deloitte Academy,2023-07-30,2023-09-20
130,Sales Techniques Masterclass,Boost sales performance with proven strategies.,Udacity,2023-03-26,2023-05-08
131,Leadership Essentials,Comprehensive program to develop leadership capabilities.,MIT OpenCourseWare,2024-10-23,2024-12-18
132,Cloud Fundamentals,Learn fundamentals of cloud computing and deployment.,Deloitte Academy,2024-09-28,2024-11-15
133,Conflict Resolution Skills,Learn techniques for managing and resolving workplace conflicts.,MIT OpenCourseWare,2023-01-12,2023-03-05
134,Data Visualization with Power BI,Visual storytelling with dashboards and BI tools.,Harvard Online,2022-11-05,2022-11-21
135,Agile Project Management,Master agile concepts and apply them to real projects.,Oxford Business School,2023-02-10,2023-02-28
136,Advanced Excel for Analysts,Hands-on workshop focusing on practical Excel functions for analytics.,Harvard Online,2023-04-18,2023-04-29
137,Time Management Strategies,Practical guide to improve productivity through time management.,MIT OpenCourseWare,2025-04-24,2025-06-14
138,Customer Relationship Management,CRM systems training to enhance customer relations.,Skillshare Pro,2023-04-29,2023-06-13
139,Finance for Non-Financial Managers,Essential finance concepts tailored for managers.,Oxford Business School,2025-07-16,2025-07-23
140,Customer Relationship Management,CRM systems training to enhance customer relations.,Udacity,2024-06-09,2024-07-04
141,HR Policies and Compliance,Training on HR compliance and organizational policies.,Coursera,2025-03-07,2025-05-02
142,Conflict Resolution Skills,Learn techniques for managing and resolving workplace conflicts.,Harvard Online,2022-11-30,2022-12-03
143,Time Management Strategies,Practical guide to improve productivity through time management.,Coursera,2024-04-12,2024-06-06
144,Machine Learning Basics,Overview of machine learning models and use cases.,Deloitte Academy,2024-04-07,2024-05-08
145,Introduction to Python for Data Analysis,Introduction to Python libraries for data analysis.,EY Learning Center,2025-03-06,2025-03-21
146,Data Visualization with Power BI,Visual storytelling with dashboards and BI tools.,Skillshare Pro,2024-08-20,2024-09-02
147,Customer Relationship Management,CRM systems training to enhance customer relations.,Deloitte Academy,2024-11-22,2025-01-14
148,Customer Relationship Management,CRM systems training to enhance customer relations.,LinkedIn Learning,2023-09-18,2023-11-16
149,Machine Learning Basics,Overview of machine learning models and use cases.,Deloitte Academy,2024-12-30,2025-01-29
150,Introduction to Python for Data Analysis,Introduction to Python libraries for data analysis.,Deloitte Academy,2022-09-10,2022-10-03
151,Cybersecurity Awareness,Awareness program to understand and mitigate cybersecurity risks.,EY Learning Center,2025-07-15,2025-08-04
152,Agile Project Management,Master agile concepts and apply them to real projects.,Oxford Business School,2023-02-17,2023-04-11
153,Cybersecurity Awareness,Awareness program to understand and mitigate cybersecurity risks.,Skillshare Pro,2025-07-18,2025-09-07
154,Time Management Strategies,Practical guide to improve productivity through time management.,Skillshare Pro,2024-12-05,2025-01-30
155,HR Policies and Compliance,Training on HR compliance and organizational policies.,Udacity,2023-10-12,2023-10-27
156,Effective Communication,Improve workplace communication and collaboration.,Deloitte Academy,2025-05-15,2025-05-30
157,Effective Communication,Improve workplace communication and collaboration.,Skillshare Pro,2024-02-03,2024-02-05
158,Agile Project Management,Master agile concepts and apply them to real projects.,PwC Learning Hub,2023-02-13,2023-03-28
159,HR Policies and Compliance,Training on HR compliance and organizational policies.,Udacity,2023-11-22,2023-12-05
160,Finance for Non-Financial Managers,Essential finance concepts tailored for managers.,PwC Learning Hub,2024-06-29,2024-07-25
161,Data Visualization with Power BI,Visual storytelling with dashboards and BI tools.,EY Learning Center,2023-04-26,2023-05-18
162,Customer Relationship Management,CRM systems training to enhance customer relations.,PwC Learning Hub,2024-07-28,2024-08-15
163,Finance for Non-Financial Managers,Essential finance concepts tailored for managers.,Coursera,2022-08-29,2022-10-24
164,Data Visualization with Power BI,Visual storytelling with dashboards and BI tools.,MIT OpenCourseWare,2023-10-07,2023-10-12
165,Conflict Resolution Skills,Learn techniques for managing and resolving workplace conflicts.,PwC Learning Hub,2024-10-09,2024-11-28
166,Time Management Strategies,Practical guide to improve productivity through time management.,EY Learning Center,2023-05-28,2023-06-15
167,Cybersecurity Awareness,Awareness program to understand and mitigate cybersecurity risks.,Coursera,2024-10-20,2024-11-12
168,Effective Communication,Improve workplace communication and collaboration.,EY Learning Center,2023-02-05,2023-03-19
169,Introduction to Python for Data Analysis,Introduction to Python libraries for data analysis.,EY Learning Center,2025-04-21,2025-05-24
170,Advanced Excel for Analysts,Hands-on workshop focusing on practical Excel functions for analytics.,Deloitte Academy,2023-11-30,2023-12-26
171,Cloud Fundamentals,Learn fundamentals of cloud computing and deployment.,EY Learning Center,2025-05-12,2025-06-25
172,Leadership Essentials,Comprehensive program to develop leadership capabilities.,PwC Learning Hub,2024-10-20,2024-12-13
173,Sales Techniques Masterclass,Boost sales performance with proven strategies.,MIT OpenCourseWare,2025-03-27,2025-05-01
174,Advanced Excel for Analysts,Hands-on workshop focusing on practical Excel functions for analytics.,EY Learning Center,2023-06-28,2023-07-20
175,Cybersecurity Awareness,Awareness program to understand and mitigate cybersecurity risks.,EY Learning Center,2023-04-18,2023-04-20
176,Machine Learning Basics,Overview of machine learning models and use cases.,Skillshare Pro,2024-03-26,2024-04-03
177,Cybersecurity Awareness,Awareness program to understand and mitigate cybersecurity risks.,LinkedIn Learning,2023-05-01,2023-06-27
178,Cloud Fundamentals,Learn fundamentals of cloud computing and deployment.,Harvard Online,2024-12-08,2024-12-25
179,Machine Learning Basics,Overview of machine learning models and use cases.,Coursera,2024-11-24,2024-12-06
180,Data Visualization with Power BI,Visual storytelling with dashboards and BI tools.,LinkedIn Learning,2022-08-24,2022-10-01
181,Finance for Non-Financial Managers,Essential finance concepts tailored for managers.,Coursera,2025-03-11,2025-03-28
182,Advanced Excel for Analysts,Hands-on workshop focusing on practical Excel functions for analytics.,Harvard Online,2024-01-09,2024-01-12
183,Data Visualization with Power BI,Visual storytelling with dashboards and BI tools.,MIT OpenCourseWare,2024-09-21,2024-09-28
184,Data Visualization with Power BI,Visual storytelling with dashboards and BI tools.,Udacity,2022-09-23,2022-11-01
185,Finance for Non-Financial Managers,Essential finance concepts tailored for managers.,Harvard Online,2023-02-13,2023-03-13
186,Introduction to Python for Data Analysis,Introduction to Python libraries for data analysis.,Oxford Business School,2024-03-09,2024-04-01
187,Effective Communication,Improve workplace communication and collaboration.,LinkedIn Learning,2023-12-14,2024-01-30
188,Agile Project Management,Master agile concepts and apply them to real projects.,PwC Learning Hub,2023-08-30,2023-10-20
189,Effective Communication,Improve workplace communication and collaboration.,Deloitte Academy,2022-11-21,2022-12-12
190,Sales Techniques Masterclass,Boost sales performance with proven strategies.,Oxford Business School,2023-09-02,2023-09-30
191,Leadership Essentials,Comprehensive program to develop leadership capabilities.,EY Learning Center,2025-01-21,2025-03-01
192,Machine Learning Basics,Overview of machine learning models and use cases.,EY Learning Center,2022-12-24,2023-01-26
193,HR Policies and Compliance,Training on HR compliance and organizational policies.,PwC Learning Hub,2023-01-04,2023-01-12
194,Advanced Excel for Analysts,Hands-on workshop focusing on practical Excel functions for analytics.,PwC Learning Hub,2024-09-16,2024-10-11
195,Machine Learning Basics,Overview of machine learning models and use cases.,Skillshare Pro,2022-12-09,2023-02-05
196,Customer Relationship Management,CRM systems training to enhance customer relations.,Coursera,2024-11-28,2025-01-04
197,Effective Communication,Improve workplace communication and collaboration.,Skillshare Pro,2023-03-07,2023-03-20
198,Cloud Fundamentals,Learn fundamentals of cloud computing and deployment.,Harvard Online,2023-03-11,2023-03-28
199,Agile Project Management,Master agile concepts and apply them to real projects.,Udacity,2025-06-13,2025-06-16
200,Cloud Fundamentals,Learn fundamentals of cloud computing and deployment.,LinkedIn Learning,2024-08-31,2024-10-16
